model_type,product_name,product_id,model_id,model_name,color,color_name,size,new,forecast_stock,stock,price
Accessories,Tapis de yoga - Alexandra Rosenfeld - Cork Cork - Size no-size,,ACC006AR01-M02,Tapis de yoga - Alexandra Rosenfeld - Cork,CO,Cork,,0,20,20,15
Accessories,Tapis de yoga recyclé - F3 White - Size no-size,,ACC003-M01-WH,Tapis de yoga recyclé - F3,WH,White,,0,37,37,8
Accessories,Gourde Alexandre Rosenfeld White - Size M,ACC007AR01-B05-L_WH_M,ACC007AR01-B05-L,Gourde Alexandre Rosenfeld,WH,White,M,0,21,13,12
Accessories,Tour de cou - L'Infini Moss - Size no-size,,SN001P01-JL01-U,Tour de cou - L'Infini,MO,Moss,,0,0,0,5
Accessories,Tour de cou - L'Infini Sand - Size no-size,,SN001P01-JL01-U,Tour de cou - L'Infini,SA,Sand,,0,26,6,5
Accessories,Tour de cou - L'Infini Black - Size no-size,,SN001P01-JL01-U,Tour de cou - L'Infini,BL,Black,,0,0,0,5
Accessories,Tour de cou - L'Infini Granite Grey - Size no-size,,SN001P01-JL01-U,Tour de cou - L'Infini,GR,Granite Grey,,0,0,0,5
Accessories,Gourde - Sunrise 500 ml Recycled plastic - Size S,ACC002-B02-PI-S_PI_S,ACC002-B02-PI-S,Gourde - Sunrise 500 ml,PI,Recycled plastic,S,0,0,0,6
Accessories,Gourde plastique recyclé - Protect 750 ml Black - Size L,ACC001-B01-BL-L_BL_L,ACC001-B01-BL-L,Gourde plastique recyclé - Protect 750 ml,BL,Black,L,0,0,0,6
Accessories,Gourde - Protect 750 ml Aluminium - Size L,ACC004-B03-POP-L_ALU_L,ACC004-B03-POP-L,Gourde - Protect 750 ml,ALU,Aluminium,L,0,48,36,10
Accessories,Gourde - Protect 600 ml Aluminium - Size M,ACC005-B04-SUN-S_ALU_M,ACC005-B04-SUN-S,Gourde - Protect 600 ml,ALU,Aluminium,M,0,26,26,10
Crop-top,Brassière Support Me Softly Black - Size XXL,BR001P1-JL02-W_BL_XXL,BR001P1-JL02-W,Brassière Support Me Softly,BL,Black,XXL,0,41,17,16
Crop-top,Brassière Support Me Softly Black - Size XS,BR001P1-JL02-W_BL_XS,BR001P1-JL02-W,Brassière Support Me Softly,BL,Black,XS,0,46,22,16
Crop-top,Brassière Support Me Softly Black - Size XL,BR001P1-JL02-W_BL_XL,BR001P1-JL02-W,Brassière Support Me Softly,BL,Black,XL,0,32,8,16
Crop-top,Brassière Support Me Softly Black - Size S,BR001P1-JL02-W_BL_S,BR001P1-JL02-W,Brassière Support Me Softly,BL,Black,S,0,104,104,16
Crop-top,Brassière Support Me Softly Black - Size M,BR001P1-JL02-W_BL_M,BR001P1-JL02-W,Brassière Support Me Softly,BL,Black,M,0,165,129,16
Crop-top,Brassière Support Me Softly Black - Size L,BR001P1-JL02-W_BL_L,BR001P1-JL02-W,Brassière Support Me Softly,BL,Black,L,0,69,69,16
Crop-top,Crop-top sport Smooth Operator Minty Fresh - Size XS,TSC001P3-FJ01-W_MI_XS,TSC001P3-FJ01-W,Crop-top sport Smooth Operator,MI,Minty Fresh,XS,0,0,0,16
Crop-top,Crop-top sport Smooth Operator Minty Fresh - Size XL,TSC001P3-FJ01-W_MI_XL,TSC001P3-FJ01-W,Crop-top sport Smooth Operator,MI,Minty Fresh,XL,0,0,0,16
Crop-top,Crop-top sport Smooth Operator Minty Fresh - Size S,TSC001P3-FJ01-W_MI_S,TSC001P3-FJ01-W,Crop-top sport Smooth Operator,MI,Minty Fresh,S,0,0,0,16
Crop-top,Crop-top sport Smooth Operator Minty Fresh - Size M,TSC001P3-FJ01-W_MI_M,TSC001P3-FJ01-W,Crop-top sport Smooth Operator,MI,Minty Fresh,M,0,0,0,16
Crop-top,Crop-top sport Smooth Operator Minty Fresh - Size L,TSC001P3-FJ01-W_MI_L,TSC001P3-FJ01-W,Crop-top sport Smooth Operator,MI,Minty Fresh,L,0,0,0,16
Top,Débardeur Get Comfy Quick Dry Grey - Size XS,TK001P3-TT01-W_GG_XS,TK001P3-TT01-W,Débardeur Get Comfy Quick Dry,GG,Grey,XS,0,35,5,16
Top,Débardeur Get Comfy Quick Dry Grey - Size XL,TK001P3-TT01-W_GG_XL,TK001P3-TT01-W,Débardeur Get Comfy Quick Dry,GG,Grey,XL,0,27,27,16
Top,Débardeur Get Comfy Quick Dry Grey - Size S,TK001P3-TT01-W_GG_S,TK001P3-TT01-W,Débardeur Get Comfy Quick Dry,GG,Grey,S,0,56,26,16
Top,Débardeur Get Comfy Quick Dry Grey - Size M,TK001P3-TT01-W_GG_M,TK001P3-TT01-W,Débardeur Get Comfy Quick Dry,GG,Grey,M,0,165,153,16
Top,Débardeur Get Comfy Quick Dry Grey - Size L,TK001P3-TT01-W_GG_L,TK001P3-TT01-W,Débardeur Get Comfy Quick Dry,GG,Grey,L,0,24,24,16
Top,Débardeur de sport Free Your Mind Grey - Size XS,TK002P3-TT01-W_GG_XS,TK002P3-TT01-W,Débardeur de sport Free Your Mind,GG,Grey,XS,0,16,16,16
Top,Débardeur de sport Free Your Mind Grey - Size XL,TK002P3-TT01-W_GG_XL,TK002P3-TT01-W,Débardeur de sport Free Your Mind,GG,Grey,XL,0,3,3,16
Top,Débardeur de sport Free Your Mind Grey - Size S,TK002P3-TT01-W_GG_S,TK002P3-TT01-W,Débardeur de sport Free Your Mind,GG,Grey,S,0,37,37,16
Top,Débardeur de sport Free Your Mind Grey - Size M,TK002P3-TT01-W_GG_M,TK002P3-TT01-W,Débardeur de sport Free Your Mind,GG,Grey,M,0,53,53,16
Top,Débardeur de sport Free Your Mind Grey - Size L,TK002P3-TT01-W_GG_L,TK002P3-TT01-W,Débardeur de sport Free Your Mind,GG,Grey,L,0,0,0,16
Top,Débardeur de sport Get Comfy Sand - Size XS,TK001P3-FJ01_W_SA_XS,TK001P3-FJ01_W,Débardeur de sport Get Comfy,SA,Sand,XS,0,22,22,16
Top,Débardeur de sport Get Comfy Sand - Size XL,TK001P3-FJ01_W_SA_XL,TK001P3-FJ01_W,Débardeur de sport Get Comfy,SA,Sand,XL,0,10,10,16
Top,Débardeur de sport Get Comfy Sand - Size S,TK001P3-FJ01_W_SA_S,TK001P3-FJ01_W,Débardeur de sport Get Comfy,SA,Sand,S,0,245,245,16
Top,Débardeur de sport Get Comfy Sand - Size M,TK001P3-FJ01_W_SA_M,TK001P3-FJ01_W,Débardeur de sport Get Comfy,SA,Sand,M,0,25,1,16
Top,Débardeur de sport Get Comfy Sand - Size L,TK001P3-FJ01_W_SA_L,TK001P3-FJ01_W,Débardeur de sport Get Comfy,SA,Sand,L,0,11,2,16
Top,Débardeur de sport Get Comfy Black - Size XS,TK001P3-FJ01_W_BL_XS,TK001P3-FJ01_W,Débardeur de sport Get Comfy,BL,Black,XS,0,14,8,16
Top,Débardeur de sport Get Comfy Black - Size XL,TK001P3-FJ01_W_BL_XL,TK001P3-FJ01_W,Débardeur de sport Get Comfy,BL,Black,XL,0,19,19,16
Top,Débardeur de sport Get Comfy Black - Size S,TK001P3-FJ01_W_BL_S,TK001P3-FJ01_W,Débardeur de sport Get Comfy,BL,Black,S,0,29,5,16
Top,Débardeur de sport Get Comfy Black - Size M,TK001P3-FJ01_W_BL_M,TK001P3-FJ01_W,Débardeur de sport Get Comfy,BL,Black,M,0,157,197,16
Top,Débardeur de sport Get Comfy Black - Size L,TK001P3-FJ01_W_BL_L,TK001P3-FJ01_W,Débardeur de sport Get Comfy,BL,Black,L,0,20,20,16
Top,Débardeur de sport Get Comfy Lilac - Size XS,TK001P3-FJ01-W_LI_XS,TK001P3-FJ01-W,Débardeur de sport Get Comfy,LI,Lilac,XS,0,24,24,16
Top,Débardeur de sport Get Comfy Lilac - Size XL,TK001P3-FJ01-W_LI_XL,TK001P3-FJ01-W,Débardeur de sport Get Comfy,LI,Lilac,XL,0,68,68,16
Top,Débardeur de sport Get Comfy Lilac - Size S,TK001P3-FJ01-W_LI_S,TK001P3-FJ01-W,Débardeur de sport Get Comfy,LI,Lilac,S,0,43,19,16
Top,Débardeur de sport Get Comfy Lilac - Size M,TK001P3-FJ01-W_LI_M,TK001P3-FJ01-W,Débardeur de sport Get Comfy,LI,Lilac,M,0,40,28,16
Top,Débardeur de sport Get Comfy Lilac - Size L,TK001P3-FJ01-W_LI_L,TK001P3-FJ01-W,Débardeur de sport Get Comfy,LI,Lilac,L,0,51,39,16
Top,Haut sans manche Muscle Tee Moss - Size XXL,TK001P3-FJ01-M_MO_XXL,TK001P3-FJ01-M,Haut sans manche Muscle Tee,MO,Moss,XXL,0,0,0,18
Top,Haut sans manche Muscle Tee Moss - Size XS,TK001P3-FJ01-M_MO_XS,TK001P3-FJ01-M,Haut sans manche Muscle Tee,MO,Moss,XS,0,0,0,18
Top,Haut sans manche Muscle Tee Moss - Size XL,TK001P3-FJ01-M_MO_XL,TK001P3-FJ01-M,Haut sans manche Muscle Tee,MO,Moss,XL,0,0,0,18
Top,Haut sans manche Muscle Tee Moss - Size S,TK001P3-FJ01-M_MO_S,TK001P3-FJ01-M,Haut sans manche Muscle Tee,MO,Moss,S,0,0,0,18
Top,Haut sans manche Muscle Tee Moss - Size M,TK001P3-FJ01-M_MO_M,TK001P3-FJ01-M,Haut sans manche Muscle Tee,MO,Moss,M,0,129,129,18
Top,Haut sans manche Muscle Tee Moss - Size L,TK001P3-FJ01-M_MO_L,TK001P3-FJ01-M,Haut sans manche Muscle Tee,MO,Moss,L,0,0,0,18
Top,Haut sans manche Muscle Tee Sand - Size XXL,TK001P3-FJ01-M_SA_XXL,TK001P3-FJ01-M,Haut sans manche Muscle Tee,SA,Sand,XXL,0,5,5,18
Top,Haut sans manche Muscle Tee Sand - Size XS,TK001P3-FJ01-M_SA_XS,TK001P3-FJ01-M,Haut sans manche Muscle Tee,SA,Sand,XS,0,20,20,18
Top,Haut sans manche Muscle Tee Sand - Size XL,TK001P3-FJ01-M_SA_XL,TK001P3-FJ01-M,Haut sans manche Muscle Tee,SA,Sand,XL,0,10,10,18
Top,Haut sans manche Muscle Tee Sand - Size S,TK001P3-FJ01-M_SA_S,TK001P3-FJ01-M,Haut sans manche Muscle Tee,SA,Sand,S,0,34,34,18
Top,Haut sans manche Muscle Tee Sand - Size M,TK001P3-FJ01-M_SA_M,TK001P3-FJ01-M,Haut sans manche Muscle Tee,SA,Sand,M,0,33,33,18
Top,Haut sans manche Muscle Tee Sand - Size L,TK001P3-FJ01-M_SA_L,TK001P3-FJ01-M,Haut sans manche Muscle Tee,SA,Sand,L,0,7,7,18
Top,Haut sans manche Muscle Tee Black - Size XXL,TK001P3-FJ01-M_BL_XXL,TK001P3-FJ01-M,Haut sans manche Muscle Tee,BL,Black,XXL,0,10,10,18
Top,Haut sans manche Muscle Tee Black - Size XS,TK001P3-FJ01-M_BL_XS,TK001P3-FJ01-M,Haut sans manche Muscle Tee,BL,Black,XS,0,10,10,18
Top,Haut sans manche Muscle Tee Black - Size XL,TK001P3-FJ01-M_BL_XL,TK001P3-FJ01-M,Haut sans manche Muscle Tee,BL,Black,XL,0,20,20,18
Top,Haut sans manche Muscle Tee Black - Size S,TK001P3-FJ01-M_BL_S,TK001P3-FJ01-M,Haut sans manche Muscle Tee,BL,Black,S,0,15,15,18
Top,Haut sans manche Muscle Tee Black - Size M,TK001P3-FJ01-M_BL_M,TK001P3-FJ01-M,Haut sans manche Muscle Tee,BL,Black,M,0,143,143,18
Top,Haut sans manche Muscle Tee Black - Size L,TK001P3-FJ01-M_BL_L,TK001P3-FJ01-M,Haut sans manche Muscle Tee,BL,Black,L,0,28,28,18
Top,Haut sans manche Muscle Tee Lilac - Size XXL,TK001P3-FJ01-M_LI_XXL,TK001P3-FJ01-M,Haut sans manche Muscle Tee,LI,Lilac,XXL,0,20,20,18
Top,Haut sans manche Muscle Tee Lilac - Size XS,TK001P3-FJ01-M_LI_XS,TK001P3-FJ01-M,Haut sans manche Muscle Tee,LI,Lilac,XS,0,10,10,18
Top,Haut sans manche Muscle Tee Lilac - Size XL,TK001P3-FJ01-M_LI_XL,TK001P3-FJ01-M,Haut sans manche Muscle Tee,LI,Lilac,XL,0,20,20,18
Top,Haut sans manche Muscle Tee Lilac - Size S,TK001P3-FJ01-M_LI_S,TK001P3-FJ01-M,Haut sans manche Muscle Tee,LI,Lilac,S,0,16,16,18
Top,Haut sans manche Muscle Tee Lilac - Size M,TK001P3-FJ01-M_LI_M,TK001P3-FJ01-M,Haut sans manche Muscle Tee,LI,Lilac,M,0,198,-2,18
Top,Haut sans manche Muscle Tee Lilac - Size L,TK001P3-FJ01-M_LI_L,TK001P3-FJ01-M,Haut sans manche Muscle Tee,LI,Lilac,L,0,51,51,18
Top,Haut sans manche Muscle Tee Burgundy Red - Size XXL,TK001P3-FJ01-M_BU_XXL,TK001P3-FJ01-M,Haut sans manche Muscle Tee,BU,Burgundy Red,XXL,0,0,0,18
Top,Haut sans manche Muscle Tee Burgundy Red - Size XS,TK001P3-FJ01-M_BU_XS,TK001P3-FJ01-M,Haut sans manche Muscle Tee,BU,Burgundy Red,XS,0,0,0,18
Top,Haut sans manche Muscle Tee Burgundy Red - Size XL,TK001P3-FJ01-M_BU_XL,TK001P3-FJ01-M,Haut sans manche Muscle Tee,BU,Burgundy Red,XL,0,0,0,18
Top,Haut sans manche Muscle Tee Burgundy Red - Size S,TK001P3-FJ01-M_BU_S,TK001P3-FJ01-M,Haut sans manche Muscle Tee,BU,Burgundy Red,S,0,51,51,18
Top,Haut sans manche Muscle Tee Burgundy Red - Size M,TK001P3-FJ01-M_BU_M,TK001P3-FJ01-M,Haut sans manche Muscle Tee,BU,Burgundy Red,M,0,35,35,18
Top,Haut sans manche Muscle Tee Burgundy Red - Size L,TK001P3-FJ01-M_BU_L,TK001P3-FJ01-M,Haut sans manche Muscle Tee,BU,Burgundy Red,L,0,0,0,18
Short,Short de sport femme Back On Track Moss - Size XXL,SH002P3-JL02-W_MO_XXL,SH002P3-JL02-W,Short de sport femme Back On Track,MO,Moss,XXL,0,10,10,20
Short,Short de sport femme Back On Track Moss - Size XS,SH002P3-JL02-W_MO_XS,SH002P3-JL02-W,Short de sport femme Back On Track,MO,Moss,XS,0,20,20,20
Short,Short de sport femme Back On Track Moss - Size XL,SH002P3-JL02-W_MO_XL,SH002P3-JL02-W,Short de sport femme Back On Track,MO,Moss,XL,0,30,30,20
Short,Short de sport femme Back On Track Moss - Size S,SH002P3-JL02-W_MO_S,SH002P3-JL02-W,Short de sport femme Back On Track,MO,Moss,S,0,40,40,20
Short,Short de sport femme Back On Track Moss - Size M,SH002P3-JL02-W_MO_M,SH002P3-JL02-W,Short de sport femme Back On Track,MO,Moss,M,0,100,100,20
Short,Short de sport femme Back On Track Moss - Size L,SH002P3-JL02-W_MO_L,SH002P3-JL02-W,Short de sport femme Back On Track,MO,Moss,L,0,50,50,20
Short,Short de Compression Hit The Road Moss - Size XXL,SH004P2-JL02-M_MO_XXL,SH004P2-JL02-M,Short de Compression Hit The Road,MO,Moss,XXL,0,15,15,20
Short,Short de Compression Hit The Road Moss - Size XS,SH004P2-JL02-M_MO_XS,SH004P2-JL02-M,Short de Compression Hit The Road,MO,Moss,XS,0,17,11,20
Short,Short de Compression Hit The Road Moss - Size XL,SH004P2-JL02-M_MO_XL,SH004P2-JL02-M,Short de Compression Hit The Road,MO,Moss,XL,0,14,14,20
Short,Short de Compression Hit The Road Moss - Size S,SH004P2-JL02-M_MO_S,SH004P2-JL02-M,Short de Compression Hit The Road,MO,Moss,S,0,31,19,20
Short,Short de Compression Hit The Road Moss - Size M,SH004P2-JL02-M_MO_M,SH004P2-JL02-M,Short de Compression Hit The Road,MO,Moss,M,0,72,72,20
Short,Short de Compression Hit The Road Moss - Size L,SH004P2-JL02-M_MO_L,SH004P2-JL02-M,Short de Compression Hit The Road,MO,Moss,L,0,21,21,20
Short,Short de Compression Hit The Road Navy - Size XXL,SH004P2-JL02-M_NA_XXL,SH004P2-JL02-M,Short de Compression Hit The Road,NA,Navy,XXL,0,29,29,20
Short,Short de Compression Hit The Road Navy - Size XS,SH004P2-JL02-M_NA_XS,SH004P2-JL02-M,Short de Compression Hit The Road,NA,Navy,XS,0,27,0,20
Short,Short de Compression Hit The Road Navy - Size XL,SH004P2-JL02-M_NA_XL,SH004P2-JL02-M,Short de Compression Hit The Road,NA,Navy,XL,0,25,25,20
Short,Short de Compression Hit The Road Navy - Size S,SH004P2-JL02-M_NA_S,SH004P2-JL02-M,Short de Compression Hit The Road,NA,Navy,S,0,60,0,20
Short,Short de Compression Hit The Road Navy - Size M,SH004P2-JL02-M_NA_M,SH004P2-JL02-M,Short de Compression Hit The Road,NA,Navy,M,0,174,0,20
Short,Short de Compression Hit The Road Navy - Size L,SH004P2-JL02-M_NA_L,SH004P2-JL02-M,Short de Compression Hit The Road,NA,Navy,L,0,41,29,20
Short,Short Get Shorty Navy - Size XXL,SH15001P3-JL02-W_NA_XXL,SH15001P3-JL02-W,Short Get Shorty,NA,Navy,XXL,0,0,0,20
Short,Short Get Shorty Navy - Size XS,SH15001P3-JL02-W_NA_XS,SH15001P3-JL02-W,Short Get Shorty,NA,Navy,XS,0,0,0,20
Short,Short Get Shorty Navy - Size XL,SH15001P3-JL02-W_NA_XL,SH15001P3-JL02-W,Short Get Shorty,NA,Navy,XL,0,63,63,20
Short,Short Get Shorty Navy - Size S,SH15001P3-JL02-W_NA_S,SH15001P3-JL02-W,Short Get Shorty,NA,Navy,S,0,0,0,20
Short,Short Get Shorty Navy - Size M,SH15001P3-JL02-W_NA_M,SH15001P3-JL02-W,Short Get Shorty,NA,Navy,M,0,244,244,20
Short,Short Get Shorty Navy - Size L,SH15001P3-JL02-W_NA_L,SH15001P3-JL02-W,Short Get Shorty,NA,Navy,L,0,61,21,20
Short,Short de sport femme Back On Track Black - Size XXL,SH002P3-JL02-W_BL_XXL,SH002P3-JL02-W,Short de sport femme Back On Track,BL,Black,XXL,0,10,10,20
Short,Short de sport femme Back On Track Black - Size XS,SH002P3-JL02-W_BL_XS,SH002P3-JL02-W,Short de sport femme Back On Track,BL,Black,XS,0,20,20,20
Short,Short de sport femme Back On Track Black - Size XL,SH002P3-JL02-W_BL_XL,SH002P3-JL02-W,Short de sport femme Back On Track,BL,Black,XL,0,30,30,20
Short,Short de sport femme Back On Track Black - Size S,SH002P3-JL02-W_BL_S,SH002P3-JL02-W,Short de sport femme Back On Track,BL,Black,S,0,40,40,20
Short,Short de sport femme Back On Track Black - Size M,SH002P3-JL02-W_BL_M,SH002P3-JL02-W,Short de sport femme Back On Track,BL,Black,M,0,100,100,20
Short,Short de sport femme Back On Track Black - Size L,SH002P3-JL02-W_BL_L,SH002P3-JL02-W,Short de sport femme Back On Track,BL,Black,L,0,50,50,20
Short,Short de Compression Hit The Road Black - Size XXL,SH004P2-JL02-M_BL_XXL,SH004P2-JL02-M,Short de Compression Hit The Road,BL,Black,XXL,0,68,23,20
Short,Short de Compression Hit The Road Black - Size XS,SH004P2-JL02-M_BL_XS,SH004P2-JL02-M,Short de Compression Hit The Road,BL,Black,XS,0,19,19,20
Short,Short de Compression Hit The Road Black - Size XL,SH004P2-JL02-M_BL_XL,SH004P2-JL02-M,Short de Compression Hit The Road,BL,Black,XL,0,43,27,20
Short,Short de Compression Hit The Road Black - Size S,SH004P2-JL02-M_BL_S,SH004P2-JL02-M,Short de Compression Hit The Road,BL,Black,S,0,79,79,20
Short,Short de Compression Hit The Road Black - Size M,SH004P2-JL02-M_BL_M,SH004P2-JL02-M,Short de Compression Hit The Road,BL,Black,M,0,195,65,20
Short,Short de Compression Hit The Road Black - Size L,SH004P2-JL02-M_BL_L,SH004P2-JL02-M,Short de Compression Hit The Road,BL,Black,L,0,48,30,20
Short,Short Get Shorty Black - Size XXL,SH15001P3-JL02-W_BL_XXL,SH15001P3-JL02-W,Short Get Shorty,BL,Black,XXL,0,0,0,20
Short,Short Get Shorty Black - Size XS,SH15001P3-JL02-W_BL_XS,SH15001P3-JL02-W,Short Get Shorty,BL,Black,XS,0,74,34,20
Short,Short Get Shorty Black - Size XL,SH15001P3-JL02-W_BL_XL,SH15001P3-JL02-W,Short Get Shorty,BL,Black,XL,0,3,3,20
Short,Short Get Shorty Black - Size S,SH15001P3-JL02-W_BL_S,SH15001P3-JL02-W,Short Get Shorty,BL,Black,S,0,117,117,20
Short,Short Get Shorty Black - Size M,SH15001P3-JL02-W_BL_M,SH15001P3-JL02-W,Short Get Shorty,BL,Black,M,0,325,325,20
Short,Short Get Shorty Black - Size L,SH15001P3-JL02-W_BL_L,SH15001P3-JL02-W,Short Get Shorty,BL,Black,L,0,90,0,20
Short,Short Get Shorty Electric Blue - Size XXL,SH15001P3-JL02-W_EB_XXL,SH15001P3-JL02-W,Short Get Shorty,EB,Electric Blue,XXL,0,0,0,20
Short,Short Get Shorty Electric Blue - Size XS,SH15001P3-JL02-W_EB_XS,SH15001P3-JL02-W,Short Get Shorty,EB,Electric Blue,XS,0,0,0,20
Short,Short Get Shorty Electric Blue - Size XL,SH15001P3-JL02-W_EB_XL,SH15001P3-JL02-W,Short Get Shorty,EB,Electric Blue,XL,0,94,94,20
Short,Short Get Shorty Electric Blue - Size S,SH15001P3-JL02-W_EB_S,SH15001P3-JL02-W,Short Get Shorty,EB,Electric Blue,S,0,142,142,20
Short,Short Get Shorty Electric Blue - Size M,SH15001P3-JL02-W_EB_M,SH15001P3-JL02-W,Short Get Shorty,EB,Electric Blue,M,0,163,103,20
Short,Short Get Shorty Electric Blue - Size L,SH15001P3-JL02-W_EB_L,SH15001P3-JL02-W,Short Get Shorty,EB,Electric Blue,L,0,96,96,20
T-shirt,T-shirt de Sport Iconic Navy - Size XXL,TS001P3-FJ01-U_NA_XXL,TS001P3-FJ01-U,T-shirt de Sport Iconic,NA,Navy,XXL,0,20,20,20
T-shirt,T-shirt de Sport Iconic Navy - Size XS,TS001P3-FJ01-U_NA_XS,TS001P3-FJ01-U,T-shirt de Sport Iconic,NA,Navy,XS,0,11,5,20
T-shirt,T-shirt de Sport Iconic Navy - Size XL,TS001P3-FJ01-U_NA_XL,TS001P3-FJ01-U,T-shirt de Sport Iconic,NA,Navy,XL,0,59,59,20
T-shirt,T-shirt de Sport Iconic Navy - Size S,TS001P3-FJ01-U_NA_S,TS001P3-FJ01-U,T-shirt de Sport Iconic,NA,Navy,S,0,33,33,20
T-shirt,T-shirt de Sport Iconic Navy - Size M,TS001P3-FJ01-U_NA_M,TS001P3-FJ01-U,T-shirt de Sport Iconic,NA,Navy,M,0,0,0,20
T-shirt,T-shirt de Sport Iconic Navy - Size L,TS001P3-FJ01-U_NA_L,TS001P3-FJ01-U,T-shirt de Sport Iconic,NA,Navy,L,0,33,33,20
T-shirt,T-shirt de Sport Iconic Lilac - Size XXL,TS001P3-FJ01-U_LI_XXL,TS001P3-FJ01-U,T-shirt de Sport Iconic,LI,Lilac,XXL,0,14,14,20
T-shirt,T-shirt de Sport Iconic Lilac - Size XS,TS001P3-FJ01-U_LI_XS,TS001P3-FJ01-U,T-shirt de Sport Iconic,LI,Lilac,XS,0,26,14,20
T-shirt,T-shirt de Sport Iconic Lilac - Size XL,TS001P3-FJ01-U_LI_XL,TS001P3-FJ01-U,T-shirt de Sport Iconic,LI,Lilac,XL,0,14,14,20
T-shirt,T-shirt de Sport Iconic Lilac - Size S,TS001P3-FJ01-U_LI_S,TS001P3-FJ01-U,T-shirt de Sport Iconic,LI,Lilac,S,0,16,16,20
T-shirt,T-shirt de Sport Iconic Lilac - Size M,TS001P3-FJ01-U_LI_M,TS001P3-FJ01-U,T-shirt de Sport Iconic,LI,Lilac,M,0,19,7,20
T-shirt,T-shirt de Sport Iconic Lilac - Size L,TS001P3-FJ01-U_LI_L,TS001P3-FJ01-U,T-shirt de Sport Iconic,LI,Lilac,L,0,24,24,20
T-shirt,T-shirt de Sport Iconic Burgundy Red - Size XXL,TS001P3-FJ01-U_BU_XXL,TS001P3-FJ01-U,T-shirt de Sport Iconic,BU,Burgundy Red,XXL,0,0,0,20
T-shirt,T-shirt de Sport Iconic Burgundy Red - Size XS,TS001P3-FJ01-U_BU_XS,TS001P3-FJ01-U,T-shirt de Sport Iconic,BU,Burgundy Red,XS,0,24,6,20
T-shirt,T-shirt de Sport Iconic Burgundy Red - Size XL,TS001P3-FJ01-U_BU_XL,TS001P3-FJ01-U,T-shirt de Sport Iconic,BU,Burgundy Red,XL,0,36,0,20
T-shirt,T-shirt de Sport Iconic Burgundy Red - Size S,TS001P3-FJ01-U_BU_S,TS001P3-FJ01-U,T-shirt de Sport Iconic,BU,Burgundy Red,S,0,39,39,20
T-shirt,T-shirt de Sport Iconic Burgundy Red - Size M,TS001P3-FJ01-U_BU_M,TS001P3-FJ01-U,T-shirt de Sport Iconic,BU,Burgundy Red,M,0,19,7,20
T-shirt,T-shirt de Sport Iconic Burgundy Red - Size L,TS001P3-FJ01-U_BU_L,TS001P3-FJ01-U,T-shirt de Sport Iconic,BU,Burgundy Red,L,0,19,19,20
Top,Haut à manches longues - Homme - Motivation Black - Size XXL,LS001P3-SL02-M_BL_XXL,LS001P3-SL02-M,Haut à manches longues - Homme - Motivation,BL,Black,XXL,0,0,0,20
Top,Haut à manches longues - Homme - Motivation Black - Size XS,LS001P3-SL02-M_BL_XS,LS001P3-SL02-M,Haut à manches longues - Homme - Motivation,BL,Black,XS,0,34,22,20
Top,Haut à manches longues - Homme - Motivation Black - Size XL,LS001P3-SL02-M_BL_XL,LS001P3-SL02-M,Haut à manches longues - Homme - Motivation,BL,Black,XL,0,84,72,20
Top,Haut à manches longues - Homme - Motivation Black - Size S,LS001P3-SL02-M_BL_S,LS001P3-SL02-M,Haut à manches longues - Homme - Motivation,BL,Black,S,0,61,37,20
Top,Haut à manches longues - Homme - Motivation Black - Size M,LS001P3-SL02-M_BL_M,LS001P3-SL02-M,Haut à manches longues - Homme - Motivation,BL,Black,M,0,197,97,20
Top,Haut à manches longues - Homme - Motivation Black - Size L,LS001P3-SL02-M_BL_L,LS001P3-SL02-M,Haut à manches longues - Homme - Motivation,BL,Black,L,0,48,48,20
Top,Haut à manches longues - Femme - Motivation Black - Size XXL,LS001P3-SL02-W_BL_XXL,LS001P3-SL02-W,Haut à manches longues - Femme - Motivation,BL,Black,XXL,0,44,44,20
Top,Haut à manches longues - Femme - Motivation Black - Size XS,LS001P3-SL02-W_BL_XS,LS001P3-SL02-W,Haut à manches longues - Femme - Motivation,BL,Black,XS,0,34,34,20
Top,Haut à manches longues - Femme - Motivation Black - Size XL,LS001P3-SL02-W_BL_XL,LS001P3-SL02-W,Haut à manches longues - Femme - Motivation,BL,Black,XL,0,96,72,20
Top,Haut à manches longues - Femme - Motivation Black - Size S,LS001P3-SL02-W_BL_S,LS001P3-SL02-W,Haut à manches longues - Femme - Motivation,BL,Black,S,0,155,155,20
Top,Haut à manches longues - Femme - Motivation Black - Size M,LS001P3-SL02-W_BL_M,LS001P3-SL02-W,Haut à manches longues - Femme - Motivation,BL,Black,M,0,278,182,20
Top,Haut à manches longues - Femme - Motivation Black - Size L,LS001P3-SL02-W_BL_L,LS001P3-SL02-W,Haut à manches longues - Femme - Motivation,BL,Black,L,0,97,61,20
Top,Haut à manches longues - Homme - Motivation Granite Grey - Size XXL,LS001P3-SL02-M_GR_XXL,LS001P3-SL02-M,Haut à manches longues - Homme - Motivation,GR,Granite Grey,XXL,0,0,0,20
Top,Haut à manches longues - Homme - Motivation Granite Grey - Size XS,LS001P3-SL02-M_GR_XS,LS001P3-SL02-M,Haut à manches longues - Homme - Motivation,GR,Granite Grey,XS,0,14,14,20
Top,Haut à manches longues - Homme - Motivation Granite Grey - Size XL,LS001P3-SL02-M_GR_XL,LS001P3-SL02-M,Haut à manches longues - Homme - Motivation,GR,Granite Grey,XL,0,75,75,20
Top,Haut à manches longues - Homme - Motivation Granite Grey - Size S,LS001P3-SL02-M_GR_S,LS001P3-SL02-M,Haut à manches longues - Homme - Motivation,GR,Granite Grey,S,0,0,0,20
Top,Haut à manches longues - Homme - Motivation Granite Grey - Size M,LS001P3-SL02-M_GR_M,LS001P3-SL02-M,Haut à manches longues - Homme - Motivation,GR,Granite Grey,M,0,72,54,20
Top,Haut à manches longues - Homme - Motivation Granite Grey - Size L,LS001P3-SL02-M_GR_L,LS001P3-SL02-M,Haut à manches longues - Homme - Motivation,GR,Granite Grey,L,0,87,39,20
Top,Haut à manches longues - Femme - Motivation Granite Grey - Size XXL,LS001P3-SL02-W_GR_XXL,LS001P3-SL02-W,Haut à manches longues - Femme - Motivation,GR,Granite Grey,XXL,0,34,34,20
Top,Haut à manches longues - Femme - Motivation Granite Grey - Size XS,LS001P3-SL02-W_GR_XS,LS001P3-SL02-W,Haut à manches longues - Femme - Motivation,GR,Granite Grey,XS,0,0,0,20
Top,Haut à manches longues - Femme - Motivation Granite Grey - Size XL,LS001P3-SL02-W_GR_XL,LS001P3-SL02-W,Haut à manches longues - Femme - Motivation,GR,Granite Grey,XL,0,28,28,20
Top,Haut à manches longues - Femme - Motivation Granite Grey - Size S,LS001P3-SL02-W_GR_S,LS001P3-SL02-W,Haut à manches longues - Femme - Motivation,GR,Granite Grey,S,0,105,39,20
Top,Haut à manches longues - Femme - Motivation Granite Grey - Size M,LS001P3-SL02-W_GR_M,LS001P3-SL02-W,Haut à manches longues - Femme - Motivation,GR,Granite Grey,M,0,269,269,20
Top,Haut à manches longues - Femme - Motivation Granite Grey - Size L,LS001P3-SL02-W_GR_L,LS001P3-SL02-W,Haut à manches longues - Femme - Motivation,GR,Granite Grey,L,0,81,21,20
Crop-top,Brassière Support Me Softly Moss - Size XS,BR001P3-JL02-W_MO_XS,BR001P3-JL02-W,Brassière Support Me Softly,MO,Moss,XS,0,0,0,21
Crop-top,Brassière Support Me Softly Moss - Size XL,BR001P3-JL02-W_MO_XL,BR001P3-JL02-W,Brassière Support Me Softly,MO,Moss,XL,0,95,95,21
Crop-top,Brassière Support Me Softly Moss - Size S,BR001P3-JL02-W_MO_S,BR001P3-JL02-W,Brassière Support Me Softly,MO,Moss,S,0,75,55,21
Crop-top,Brassière Support Me Softly Moss - Size M,BR001P3-JL02-W_MO_M,BR001P3-JL02-W,Brassière Support Me Softly,MO,Moss,M,0,620,620,21
Crop-top,Brassière Support Me Softly Moss - Size L,BR001P3-JL02-W_MO_L,BR001P3-JL02-W,Brassière Support Me Softly,MO,Moss,L,0,75,39,21
Crop-top,Brassière Level Up Moss - Size XXL,BR002P3-JL02-W_MO_XXL,BR002P3-JL02-W,Brassière Level Up,MO,Moss,XXL,0,31,13,21
Crop-top,Brassière Level Up Moss - Size XS,BR002P3-JL02-W_MO_XS,BR002P3-JL02-W,Brassière Level Up,MO,Moss,XS,0,14,8,21
Crop-top,Brassière Level Up Moss - Size XL,BR002P3-JL02-W_MO_XL,BR002P3-JL02-W,Brassière Level Up,MO,Moss,XL,0,309,309,21
Crop-top,Brassière Level Up Moss - Size S,BR002P3-JL02-W_MO_S,BR002P3-JL02-W,Brassière Level Up,MO,Moss,S,0,84,0,21
Crop-top,Brassière Level Up Moss - Size M,BR002P3-JL02-W_MO_M,BR002P3-JL02-W,Brassière Level Up,MO,Moss,M,0,130,130,21
Crop-top,Brassière Level Up Moss - Size L,BR002P3-JL02-W_MO_L,BR002P3-JL02-W,Brassière Level Up,MO,Moss,L,0,112,112,21
Crop-top,Brassière Support Me Softly Navy - Size XS,BR001P3-JL02-W_NA_XS,BR001P3-JL02-W,Brassière Support Me Softly,NA,Navy,XS,0,22,22,21
Crop-top,Brassière Support Me Softly Navy - Size XL,BR001P3-JL02-W_NA_XL,BR001P3-JL02-W,Brassière Support Me Softly,NA,Navy,XL,0,49,19,21
Crop-top,Brassière Support Me Softly Navy - Size S,BR001P3-JL02-W_NA_S,BR001P3-JL02-W,Brassière Support Me Softly,NA,Navy,S,0,0,0,21
Crop-top,Brassière Support Me Softly Navy - Size M,BR001P3-JL02-W_NA_M,BR001P3-JL02-W,Brassière Support Me Softly,NA,Navy,M,0,179,74,21
Crop-top,Brassière Support Me Softly Navy - Size L,BR001P3-JL02-W_NA_L,BR001P3-JL02-W,Brassière Support Me Softly,NA,Navy,L,0,54,42,21
Crop-top,Brassière Level Up Navy - Size XXL,BR002P3-JL02-W_NA_XXL,BR002P3-JL02-W,Brassière Level Up,NA,Navy,XXL,0,13,13,21
Crop-top,Brassière Level Up Navy - Size XS,BR002P3-JL02-W_NA_XS,BR002P3-JL02-W,Brassière Level Up,NA,Navy,XS,0,9,9,21
Crop-top,Brassière Level Up Navy - Size XL,BR002P3-JL02-W_NA_XL,BR002P3-JL02-W,Brassière Level Up,NA,Navy,XL,0,22,10,21
Crop-top,Brassière Level Up Navy - Size S,BR002P3-JL02-W_NA_S,BR002P3-JL02-W,Brassière Level Up,NA,Navy,S,0,47,35,21
Crop-top,Brassière Level Up Navy - Size M,BR002P3-JL02-W_NA_M,BR002P3-JL02-W,Brassière Level Up,NA,Navy,M,0,1,1,21
Crop-top,Brassière Level Up Navy - Size L,BR002P3-JL02-W_NA_L,BR002P3-JL02-W,Brassière Level Up,NA,Navy,L,0,12,12,21
Crop-top,Brassière Level Up Black - Size XXL,BR002P3-JL02-W_BL_XXL,BR002P3-JL02-W,Brassière Level Up,BL,Black,XXL,0,29,17,21
Crop-top,Brassière Level Up Black - Size XS,BR002P3-JL02-W_BL_XS,BR002P3-JL02-W,Brassière Level Up,BL,Black,XS,0,67,67,21
Crop-top,Brassière Level Up Black - Size XL,BR002P3-JL02-W_BL_XL,BR002P3-JL02-W,Brassière Level Up,BL,Black,XL,0,84,84,21
Crop-top,Brassière Level Up Black - Size S,BR002P3-JL02-W_BL_S,BR002P3-JL02-W,Brassière Level Up,BL,Black,S,0,101,101,21
Crop-top,Brassière Level Up Black - Size M,BR002P3-JL02-W_BL_M,BR002P3-JL02-W,Brassière Level Up,BL,Black,M,0,74,74,21
Crop-top,Brassière Level Up Black - Size L,BR002P3-JL02-W_BL_L,BR002P3-JL02-W,Brassière Level Up,BL,Black,L,0,140,140,21
Crop-top,Brassière Level Up Burgundy Red - Size XXL,BR002P3-JL02-W_BU_XXL,BR002P3-JL02-W,Brassière Level Up,BU,Burgundy Red,XXL,0,52,52,21
Crop-top,Brassière Level Up Burgundy Red - Size XS,BR002P3-JL02-W_BU_XS,BR002P3-JL02-W,Brassière Level Up,BU,Burgundy Red,XS,0,39,39,21
Crop-top,Brassière Level Up Burgundy Red - Size XL,BR002P3-JL02-W_BU_XL,BR002P3-JL02-W,Brassière Level Up,BU,Burgundy Red,XL,0,46,46,21
Crop-top,Brassière Level Up Burgundy Red - Size S,BR002P3-JL02-W_BU_S,BR002P3-JL02-W,Brassière Level Up,BU,Burgundy Red,S,0,36,9,21
Crop-top,Brassière Level Up Burgundy Red - Size M,BR002P3-JL02-W_BU_M,BR002P3-JL02-W,Brassière Level Up,BU,Burgundy Red,M,0,127,127,21
Crop-top,Brassière Level Up Burgundy Red - Size L,BR002P3-JL02-W_BU_L,BR002P3-JL02-W,Brassière Level Up,BU,Burgundy Red,L,0,52,52,21
Crop-top,Brassière Support Me Softly Electric Blue - Size XXL,BR001P3-JL02-W_EB_XXL,BR001P3-JL02-W,Brassière Support Me Softly,EB,Electric Blue,XXL,0,0,0,21
Crop-top,Brassière Support Me Softly Electric Blue - Size XS,BR001P3-JL02-W_EB_XS,BR001P3-JL02-W,Brassière Support Me Softly,EB,Electric Blue,XS,0,0,0,21
Crop-top,Brassière Support Me Softly Electric Blue - Size XL,BR001P3-JL02-W_EB_XL,BR001P3-JL02-W,Brassière Support Me Softly,EB,Electric Blue,XL,0,20,10,21
Crop-top,Brassière Support Me Softly Electric Blue - Size S,BR001P3-JL02-W_EB_S,BR001P3-JL02-W,Brassière Support Me Softly,EB,Electric Blue,S,0,54,38,21
Crop-top,Brassière Support Me Softly Electric Blue - Size M,BR001P3-JL02-W_EB_M,BR001P3-JL02-W,Brassière Support Me Softly,EB,Electric Blue,M,0,81,69,21
Crop-top,Brassière Support Me Softly Electric Blue - Size L,BR001P3-JL02-W_EB_L,BR001P3-JL02-W,Brassière Support Me Softly,EB,Electric Blue,L,0,0,0,21
Crop-top,Brassière Level Up Electric Blue - Size XXL,BR002P3-JL02-W_EB_XXL,BR002P3-JL02-W,Brassière Level Up,EB,Electric Blue,XXL,0,10,10,21
Crop-top,Brassière Level Up Electric Blue - Size XS,BR002P3-JL02-W_EB_XS,BR002P3-JL02-W,Brassière Level Up,EB,Electric Blue,XS,0,66,66,21
Crop-top,Brassière Level Up Electric Blue - Size XL,BR002P3-JL02-W_EB_XL,BR002P3-JL02-W,Brassière Level Up,EB,Electric Blue,XL,0,9,9,21
Crop-top,Brassière Level Up Electric Blue - Size S,BR002P3-JL02-W_EB_S,BR002P3-JL02-W,Brassière Level Up,EB,Electric Blue,S,0,307,307,21
Crop-top,Brassière Level Up Electric Blue - Size M,BR002P3-JL02-W_EB_M,BR002P3-JL02-W,Brassière Level Up,EB,Electric Blue,M,0,266,266,21
Crop-top,Brassière Level Up Electric Blue - Size L,BR002P3-JL02-W_EB_L,BR002P3-JL02-W,Brassière Level Up,EB,Electric Blue,L,0,145,145,21
Legging,Legging Get in Shape Moss - Size XS,LG002P3-JL02-W_MO_XS,LG002P3-JL02-W,Legging Get in Shape,MO,Moss,XS,0,10,10,21
Legging,Legging Get in Shape Moss - Size XL,LG002P3-JL02-W_MO_XL,LG002P3-JL02-W,Legging Get in Shape,MO,Moss,XL,0,42,42,21
Legging,Legging Get in Shape Moss - Size S,LG002P3-JL02-W_MO_S,LG002P3-JL02-W,Legging Get in Shape,MO,Moss,S,0,19,19,21
Legging,Legging Get in Shape Moss - Size M,LG002P3-JL02-W_MO_M,LG002P3-JL02-W,Legging Get in Shape,MO,Moss,M,0,326,326,21
Legging,Legging Get in Shape Moss - Size L,LG002P3-JL02-W_MO_L,LG002P3-JL02-W,Legging Get in Shape,MO,Moss,L,0,54,54,21
Legging,Legging Get in Shape Navy - Size XXL,LG002P3-JL02-W_NA_XXL,LG002P3-JL02-W,Legging Get in Shape,NA,Navy,XXL,0,0,0,21
Legging,Legging Get in Shape Navy - Size XS,LG002P3-JL02-W_NA_XS,LG002P3-JL02-W,Legging Get in Shape,NA,Navy,XS,0,14,14,21
Legging,Legging Get in Shape Navy - Size XL,LG002P3-JL02-W_NA_XL,LG002P3-JL02-W,Legging Get in Shape,NA,Navy,XL,0,33,21,21
Legging,Legging Get in Shape Navy - Size S,LG002P3-JL02-W_NA_S,LG002P3-JL02-W,Legging Get in Shape,NA,Navy,S,0,46,22,21
Legging,Legging Get in Shape Navy - Size M,LG002P3-JL02-W_NA_M,LG002P3-JL02-W,Legging Get in Shape,NA,Navy,M,0,51,51,21
Legging,Legging Get in Shape Navy - Size L,LG002P3-JL02-W_NA_L,LG002P3-JL02-W,Legging Get in Shape,NA,Navy,L,0,42,26,21
Legging,Legging Get in Shape Black - Size XS,LG001P1-JL02-W_BL_XS,LG001P1-JL02-W,Legging Get in Shape,BL,Black,XS,0,63,63,21
Legging,Legging Get in Shape Black - Size XL,LG001P1-JL02-W_BL_XL,LG001P1-JL02-W,Legging Get in Shape,BL,Black,XL,0,0,0,21
Legging,Legging Get in Shape Black - Size S,LG001P1-JL02-W_BL_S,LG001P1-JL02-W,Legging Get in Shape,BL,Black,S,0,131,131,21
Legging,Legging Get in Shape Black - Size M,LG001P1-JL02-W_BL_M,LG001P1-JL02-W,Legging Get in Shape,BL,Black,M,0,105,85,21
Legging,Legging Get in Shape Black - Size L,LG001P1-JL02-W_BL_L,LG001P1-JL02-W,Legging Get in Shape,BL,Black,L,0,61,61,21
Legging,Legging Get in Shape Black - Size XXL,LG002P3-JL02-W_BL_XXL,LG002P3-JL02-W,Legging Get in Shape,BL,Black,XXL,0,4,4,21
Legging,Legging Get in Shape Burgundy Red - Size XXL,LG002P3-JL02-W_BU_XXL,LG002P3-JL02-W,Legging Get in Shape,BU,Burgundy Red,XXL,0,21,9,21
Legging,Legging Get in Shape Burgundy Red - Size XS,LG002P3-JL02-W_BU_XS,LG002P3-JL02-W,Legging Get in Shape,BU,Burgundy Red,XS,0,25,17,21
Legging,Legging Get in Shape Burgundy Red - Size XL,LG002P3-JL02-W_BU_XL,LG002P3-JL02-W,Legging Get in Shape,BU,Burgundy Red,XL,0,52,4,21
Legging,Legging Get in Shape Burgundy Red - Size S,LG002P3-JL02-W_BU_S,LG002P3-JL02-W,Legging Get in Shape,BU,Burgundy Red,S,0,57,37,21
Legging,Legging Get in Shape Burgundy Red - Size M,LG002P3-JL02-W_BU_M,LG002P3-JL02-W,Legging Get in Shape,BU,Burgundy Red,M,0,148,52,21
Legging,Legging Get in Shape Burgundy Red - Size L,LG002P3-JL02-W_BU_L,LG002P3-JL02-W,Legging Get in Shape,BU,Burgundy Red,L,0,34,34,21
Legging,Legging Get in Shape Electric Blue - Size XXL,LG002P3-JL02-W_EB_XXL,LG002P3-JL02-W,Legging Get in Shape,EB,Electric Blue,XXL,0,20,20,21
Legging,Legging Get in Shape Electric Blue - Size XS,LG002P3-JL02-W_EB_XS,LG002P3-JL02-W,Legging Get in Shape,EB,Electric Blue,XS,0,23,23,21
Legging,Legging Get in Shape Electric Blue - Size XL,LG002P3-JL02-W_EB_XL,LG002P3-JL02-W,Legging Get in Shape,EB,Electric Blue,XL,0,36,24,21
Legging,Legging Get in Shape Electric Blue - Size S,LG002P3-JL02-W_EB_S,LG002P3-JL02-W,Legging Get in Shape,EB,Electric Blue,S,0,63,39,21
Legging,Legging Get in Shape Electric Blue - Size M,LG002P3-JL02-W_EB_M,LG002P3-JL02-W,Legging Get in Shape,EB,Electric Blue,M,0,43,43,21
Legging,Legging Get in Shape Electric Blue - Size L,LG002P3-JL02-W_EB_L,LG002P3-JL02-W,Legging Get in Shape,EB,Electric Blue,L,0,40,34,21
Legging,Legging Men in Tights Moss - Size XXL,LG003P3-JL02-M_MO_XXL,LG003P3-JL02-M,Legging Men in Tights,MO,Moss,XXL,0,38,38,23
Legging,Legging Men in Tights Moss - Size XS,LG003P3-JL02-M_MO_XS,LG003P3-JL02-M,Legging Men in Tights,MO,Moss,XS,0,0,0,23
Legging,Legging Men in Tights Moss - Size XL,LG003P3-JL02-M_MO_XL,LG003P3-JL02-M,Legging Men in Tights,MO,Moss,XL,0,42,0,23
Legging,Legging Men in Tights Moss - Size S,LG003P3-JL02-M_MO_S,LG003P3-JL02-M,Legging Men in Tights,MO,Moss,S,0,131,131,23
Legging,Legging Men in Tights Moss - Size M,LG003P3-JL02-M_MO_M,LG003P3-JL02-M,Legging Men in Tights,MO,Moss,M,0,85,85,23
Legging,Legging Men in Tights Moss - Size L,LG003P3-JL02-M_MO_L,LG003P3-JL02-M,Legging Men in Tights,MO,Moss,L,0,29,29,23
Legging,Legging Men in Tights Black - Size XXL,LG003P3-JL02-M_BL_XXL,LG003P3-JL02-M,Legging Men in Tights,BL,Black,XXL,0,0,0,23
Legging,Legging Men in Tights Black - Size XS,LG003P3-JL02-M_BL_XS,LG003P3-JL02-M,Legging Men in Tights,BL,Black,XS,0,27,27,23
Legging,Legging Men in Tights Black - Size XL,LG003P3-JL02-M_BL_XL,LG003P3-JL02-M,Legging Men in Tights,BL,Black,XL,0,46,-2,23
Legging,Legging Men in Tights Black - Size S,LG003P3-JL02-M_BL_S,LG003P3-JL02-M,Legging Men in Tights,BL,Black,S,0,42,42,23
Legging,Legging Men in Tights Black - Size M,LG003P3-JL02-M_BL_M,LG003P3-JL02-M,Legging Men in Tights,BL,Black,M,0,175,175,23
Legging,Legging Men in Tights Black - Size L,LG003P3-JL02-M_BL_L,LG003P3-JL02-M,Legging Men in Tights,BL,Black,L,0,55,7,23
Legging,Legging Ava Black - Size XXL,LG002AR01-JL02-W_BL_XXL,LG002AR01-JL02-W,Legging Ava,BL,Black,XXL,0,61,11,24
Legging,Legging Ava Black - Size XS,LG002AR01-JL02-W_BL_XS,LG002AR01-JL02-W,Legging Ava,BL,Black,XS,0,58,8,24
Legging,Legging Ava Black - Size XL,LG002AR01-JL02-W_BL_XL,LG002AR01-JL02-W,Legging Ava,BL,Black,XL,0,66,16,24
Legging,Legging Ava Black - Size S,LG002AR01-JL02-W_BL_S,LG002AR01-JL02-W,Legging Ava,BL,Black,S,0,60,60,24
Legging,Legging Ava Black - Size M,LG002AR01-JL02-W_BL_M,LG002AR01-JL02-W,Legging Ava,BL,Black,M,0,83,83,24
Legging,Legging Ava Black - Size L,LG002AR01-JL02-W_BL_L,LG002AR01-JL02-W,Legging Ava,BL,Black,L,0,63,33,24
T-shirt,T-shirt de Sport Femme Get Ready Grey - Size XS,TS001P3-TT01-W_GG_XS,TS001P3-TT01-W,T-shirt de Sport Femme Get Ready,GG,Grey,XS,0,12,12,24
T-shirt,T-shirt de Sport Femme Get Ready Grey - Size XL,TS001P3-TT01-W_GG_XL,TS001P3-TT01-W,T-shirt de Sport Femme Get Ready,GG,Grey,XL,0,30,30,24
T-shirt,T-shirt de Sport Femme Get Ready Grey - Size S,TS001P3-TT01-W_GG_S,TS001P3-TT01-W,T-shirt de Sport Femme Get Ready,GG,Grey,S,0,44,44,24
T-shirt,T-shirt de Sport Femme Get Ready Grey - Size M,TS001P3-TT01-W_GG_M,TS001P3-TT01-W,T-shirt de Sport Femme Get Ready,GG,Grey,M,0,0,0,24
T-shirt,T-shirt de Sport Femme Get Ready Grey - Size L,TS001P3-TT01-W_GG_L,TS001P3-TT01-W,T-shirt de Sport Femme Get Ready,GG,Grey,L,0,23,23,24
T-shirt,T-shirt de Sport Femme Get Ready Moss - Size XS,TS001P3-FJ01-W_MO_XS,TS001P3-FJ01-W,T-shirt de Sport Femme Get Ready,MO,Moss,XS,0,30,30,24
T-shirt,T-shirt de Sport Femme Get Ready Moss - Size XL,TS001P3-FJ01-W_MO_XL,TS001P3-FJ01-W,T-shirt de Sport Femme Get Ready,MO,Moss,XL,0,72,72,24
T-shirt,T-shirt de Sport Femme Get Ready Moss - Size S,TS001P3-FJ01-W_MO_S,TS001P3-FJ01-W,T-shirt de Sport Femme Get Ready,MO,Moss,S,0,210,96,24
T-shirt,T-shirt de Sport Femme Get Ready Moss - Size M,TS001P3-FJ01-W_MO_M,TS001P3-FJ01-W,T-shirt de Sport Femme Get Ready,MO,Moss,M,0,430,430,24
T-shirt,T-shirt de Sport Femme Get Ready Moss - Size L,TS001P3-FJ01-W_MO_L,TS001P3-FJ01-W,T-shirt de Sport Femme Get Ready,MO,Moss,L,0,68,28,24
T-shirt,T-shirt de Sport Femme Get Ready Black - Size XL,TS001P3-FJ01-W_BL_XL,TS001P3-FJ01-W,T-shirt de Sport Femme Get Ready,BL,Black,XL,0,92,2,24
T-shirt,T-shirt de Sport Femme Get Ready Black - Size S,TS001P3-FJ01-W_BL_S,TS001P3-FJ01-W,T-shirt de Sport Femme Get Ready,BL,Black,S,0,164,164,24
T-shirt,T-shirt de Sport Femme Get Ready Black - Size M,TS001P3-FJ01-W_BL_M,TS001P3-FJ01-W,T-shirt de Sport Femme Get Ready,BL,Black,M,0,150,150,24
T-shirt,T-shirt de Sport Femme Get Ready Black - Size L,TS001P3-FJ01-W_BL_L,TS001P3-FJ01-W,T-shirt de Sport Femme Get Ready,BL,Black,L,0,125,59,24
T-shirt,T-shirt Technique Agility Granite Grey - Size XXL,TS001P1-TT01-U_GR_XXL,TS001P1-TT01-U,T-shirt Technique Agility,GR,Granite Grey,XXL,0,10,0,24
T-shirt,T-shirt Technique Agility Granite Grey - Size XS,TS001P1-TT01-U_GR_XS,TS001P1-TT01-U,T-shirt Technique Agility,GR,Granite Grey,XS,0,52,52,24
T-shirt,T-shirt Technique Agility Granite Grey - Size XL,TS001P1-TT01-U_GR_XL,TS001P1-TT01-U,T-shirt Technique Agility,GR,Granite Grey,XL,0,14,14,24
T-shirt,T-shirt Technique Agility Granite Grey - Size S,TS001P1-TT01-U_GR_S,TS001P1-TT01-U,T-shirt Technique Agility,GR,Granite Grey,S,0,507,407,24
T-shirt,T-shirt Technique Agility Granite Grey - Size M,TS001P1-TT01-U_GR_M,TS001P1-TT01-U,T-shirt Technique Agility,GR,Granite Grey,M,0,166,166,24
T-shirt,T-shirt Technique Agility Granite Grey - Size L,TS001P1-TT01-U_GR_L,TS001P1-TT01-U,T-shirt Technique Agility,GR,Granite Grey,L,0,64,64,24
T-shirt,T-Shirt Jim Violet - Size M,TS001AR01-FJ01-U_VI_M,TS001AR01-FJ01-U,T-Shirt Jim,VI,Violet,M,0,150,150,28
T-shirt,T-shirt sport - Marathon Tours - MAAM Navy - Size XS,TS001BTB-MARATHON01-MAM01-U_NA_XS,TS001BTB-MARATHON01-MAM01-U,T-shirt sport - Marathon Tours - MAAM,NA,Navy,XS,0,286,286,30
T-shirt,T-shirt sport - Marathon Tours - MAAM Navy - Size XL,TS001BTB-MARATHON01-MAM01-U_NA_XL,TS001BTB-MARATHON01-MAM01-U,T-shirt sport - Marathon Tours - MAAM,NA,Navy,XL,0,150,150,30
T-shirt,T-shirt sport - Marathon Tours - MAAM Navy - Size S,TS001BTB-MARATHON01-MAM01-U_NA_S,TS001BTB-MARATHON01-MAM01-U,T-shirt sport - Marathon Tours - MAAM,NA,Navy,S,0,980,476,30
T-shirt,T-shirt sport - Marathon Tours - MAAM Navy - Size M,TS001BTB-MARATHON01-MAM01-U_NA_M,TS001BTB-MARATHON01-MAM01-U,T-shirt sport - Marathon Tours - MAAM,NA,Navy,M,0,250,150,30
T-shirt,T-shirt sport - Marathon Tours - MAAM Navy - Size L,TS001BTB-MARATHON01-MAM01-U_NA_L,TS001BTB-MARATHON01-MAM01-U,T-shirt sport - Marathon Tours - MAAM,NA,Navy,L,0,608,608,30
T-shirt,T-shirt sport Iconic Manifesto Sand - Size XXL,TS001P4-FJ01-U_SA_XXL,TS001P4-FJ01-U,T-shirt sport Iconic Manifesto,SA,Sand,XXL,0,-2,-2,30
T-shirt,T-shirt sport Iconic Manifesto Sand - Size XS,TS001P4-FJ01-U_SA_XS,TS001P4-FJ01-U,T-shirt sport Iconic Manifesto,SA,Sand,XS,0,19,19,30
T-shirt,T-shirt sport Iconic Manifesto Sand - Size XL,TS001P4-FJ01-U_SA_XL,TS001P4-FJ01-U,T-shirt sport Iconic Manifesto,SA,Sand,XL,0,11,11,30
T-shirt,T-shirt sport Iconic Manifesto Sand - Size S,TS001P4-FJ01-U_SA_S,TS001P4-FJ01-U,T-shirt sport Iconic Manifesto,SA,Sand,S,0,40,40,30
T-shirt,T-shirt sport Iconic Manifesto Sand - Size M,TS001P4-FJ01-U_SA_M,TS001P4-FJ01-U,T-shirt sport Iconic Manifesto,SA,Sand,M,0,153,153,30
T-shirt,T-shirt sport Iconic Manifesto Sand - Size L,TS001P4-FJ01-U_SA_L,TS001P4-FJ01-U,T-shirt sport Iconic Manifesto,SA,Sand,L,0,59,59,30
T-shirt,T-shirt sport Iconic Manifesto Black - Size XS,TS001P4-FJ01-U_BL_XS,TS001P4-FJ01-U,T-shirt sport Iconic Manifesto,BL,Black,XS,0,20,20,30
T-shirt,T-shirt sport Iconic Manifesto Black - Size XL,TS001P4-FJ01-U_BL_XL,TS001P4-FJ01-U,T-shirt sport Iconic Manifesto,BL,Black,XL,0,150,150,30
T-shirt,T-shirt sport Iconic Manifesto Black - Size S,TS001P4-FJ01-U_BL_S,TS001P4-FJ01-U,T-shirt sport Iconic Manifesto,BL,Black,S,0,300,150,30
T-shirt,T-shirt sport Iconic Manifesto Black - Size M,TS001P4-FJ01-U_BL_M,TS001P4-FJ01-U,T-shirt sport Iconic Manifesto,BL,Black,M,0,53,17,30
T-shirt,T-shirt sport Iconic Manifesto Black - Size L,TS001P4-FJ01-U_BL_L,TS001P4-FJ01-U,T-shirt sport Iconic Manifesto,BL,Black,L,0,46,46,30
T-shirt,T-shirt sport - MAAM Black - Size XS,TS001BTB-MAM01_U_BL_XS,TS001BTB-MAM01_U,T-shirt sport - MAAM,BL,Black,XS,0,0,0,30
T-shirt,T-shirt sport - MAAM Black - Size XL,TS001BTB-MAM01_U_BL_XL,TS001BTB-MAM01_U,T-shirt sport - MAAM,BL,Black,XL,0,110,110,30
T-shirt,T-shirt sport - MAAM Black - Size S,TS001BTB-MAM01_U_BL_S,TS001BTB-MAM01_U,T-shirt sport - MAAM,BL,Black,S,0,150,150,30
T-shirt,T-shirt sport - MAAM Black - Size M,TS001BTB-MAM01_U_BL_M,TS001BTB-MAM01_U,T-shirt sport - MAAM,BL,Black,M,0,48,48,30
T-shirt,T-shirt sport - MAAM Black - Size L,TS001BTB-MAM01_U_BL_L,TS001BTB-MAM01_U,T-shirt sport - MAAM,BL,Black,L,0,120,120,30
T-shirt,T-shirt sport Iconic Manifesto Lilac - Size XXL,TS001P4-FJ01-U_LI_XXL,TS001P4-FJ01-U,T-shirt sport Iconic Manifesto,LI,Lilac,XXL,0,9,9,30
T-shirt,T-shirt sport Iconic Manifesto Lilac - Size XS,TS001P4-FJ01-U_LI_XS,TS001P4-FJ01-U,T-shirt sport Iconic Manifesto,LI,Lilac,XS,0,19,19,30
T-shirt,T-shirt sport Iconic Manifesto Lilac - Size XL,TS001P4-FJ01-U_LI_XL,TS001P4-FJ01-U,T-shirt sport Iconic Manifesto,LI,Lilac,XL,0,22,22,30
T-shirt,T-shirt sport Iconic Manifesto Lilac - Size S,TS001P4-FJ01-U_LI_S,TS001P4-FJ01-U,T-shirt sport Iconic Manifesto,LI,Lilac,S,0,71,71,30
T-shirt,T-shirt sport Iconic Manifesto Lilac - Size M,TS001P4-FJ01-U_LI_M,TS001P4-FJ01-U,T-shirt sport Iconic Manifesto,LI,Lilac,M,0,124,52,30
T-shirt,T-shirt sport Iconic Manifesto Lilac - Size L,TS001P4-FJ01-U_LI_L,TS001P4-FJ01-U,T-shirt sport Iconic Manifesto,LI,Lilac,L,0,33,33,30
T-shirt,T-shirt sport - MAAM White - Size XS,TS001BTB-MAM01_U_WH_XS,TS001BTB-MAM01_U,T-shirt sport - MAAM,WH,White,XS,0,35,35,30
T-shirt,T-shirt sport - MAAM White - Size XL,TS001BTB-MAM01_U_WH_XL,TS001BTB-MAM01_U,T-shirt sport - MAAM,WH,White,XL,0,150,150,30
T-shirt,T-shirt sport - MAAM White - Size S,TS001BTB-MAM01_U_WH_S,TS001BTB-MAM01_U,T-shirt sport - MAAM,WH,White,S,0,980,476,30
T-shirt,T-shirt sport - MAAM White - Size M,TS001BTB-MAM01_U_WH_M,TS001BTB-MAM01_U,T-shirt sport - MAAM,WH,White,M,0,5,5,30
T-shirt,T-shirt sport - MAAM White - Size L,TS001BTB-MAM01_U_WH_L,TS001BTB-MAM01_U,T-shirt sport - MAAM,WH,White,L,0,200,10,30
Short,Short Sport One For All Black - Size XXL,SH003P02-SL01-M_BL_XXL,SH003P02-SL01-M,Short Sport One For All,BL,Black,XXL,0,5,5,32
Short,Short Sport One For All Black - Size XS,SH003P02-SL01-M_BL_XS,SH003P02-SL01-M,Short Sport One For All,BL,Black,XS,0,5,5,32
Short,Short Sport One For All Black - Size XL,SH003P02-SL01-M_BL_XL,SH003P02-SL01-M,Short Sport One For All,BL,Black,XL,0,15,15,32
Short,Short Sport One For All Black - Size S,SH003P02-SL01-M_BL_S,SH003P02-SL01-M,Short Sport One For All,BL,Black,S,0,37,37,32
Short,Short Sport One For All Black - Size M,SH003P02-SL01-M_BL_M,SH003P02-SL01-M,Short Sport One For All,BL,Black,M,0,66,66,32
Short,Short Sport One For All Black - Size L,SH003P02-SL01-M_BL_L,SH003P02-SL01-M,Short Sport One For All,BL,Black,L,0,11,11,32
Short,Short Sport One For All Lilac - Size XXL,SH003P02-SL01-M_LI_XXL,SH003P02-SL01-M,Short Sport One For All,LI,Lilac,XXL,0,0,0,32
Short,Short Sport One For All Lilac - Size XL,SH003P02-SL01-M_LI_XL,SH003P02-SL01-M,Short Sport One For All,LI,Lilac,XL,0,20,20,32
Short,Short Sport One For All Lilac - Size S,SH003P02-SL01-M_LI_S,SH003P02-SL01-M,Short Sport One For All,LI,Lilac,S,0,44,44,32
Short,Short Sport One For All Lilac - Size M,SH003P02-SL01-M_LI_M,SH003P02-SL01-M,Short Sport One For All,LI,Lilac,M,0,69,9,32
Short,Short Sport One For All Lilac - Size L,SH003P02-SL01-M_LI_L,SH003P02-SL01-M,Short Sport One For All,LI,Lilac,L,0,50,50,32
Top,Débardeur de sport Free Your Mind Moss - Size XS,TK002P3-FJ01-W_MO_XS,TK002P3-FJ01-W,Débardeur de sport Free Your Mind,MO,Moss,XS,0,20,20,32
Top,Débardeur de sport Free Your Mind Moss - Size XL,TK002P3-FJ01-W_MO_XL,TK002P3-FJ01-W,Débardeur de sport Free Your Mind,MO,Moss,XL,0,0,0,32
Top,Débardeur de sport Free Your Mind Moss - Size S,TK002P3-FJ01-W_MO_S,TK002P3-FJ01-W,Débardeur de sport Free Your Mind,MO,Moss,S,0,58,34,32
Top,Débardeur de sport Free Your Mind Moss - Size M,TK002P3-FJ01-W_MO_M,TK002P3-FJ01-W,Débardeur de sport Free Your Mind,MO,Moss,M,0,83,83,32
Top,Débardeur de sport Free Your Mind Moss - Size L,TK002P3-FJ01-W_MO_L,TK002P3-FJ01-W,Débardeur de sport Free Your Mind,MO,Moss,L,0,29,29,32
Top,Débardeur de sport Free Your Mind Navy - Size XS,TK002P3-FJ01-W_NA_XS,TK002P3-FJ01-W,Débardeur de sport Free Your Mind,NA,Navy,XS,0,21,21,32
Top,Débardeur de sport Free Your Mind Navy - Size XL,TK002P3-FJ01-W_NA_XL,TK002P3-FJ01-W,Débardeur de sport Free Your Mind,NA,Navy,XL,0,17,17,32
Top,Débardeur de sport Free Your Mind Navy - Size S,TK002P3-FJ01-W_NA_S,TK002P3-FJ01-W,Débardeur de sport Free Your Mind,NA,Navy,S,0,62,38,32
Top,Débardeur de sport Free Your Mind Navy - Size M,TK002P3-FJ01-W_NA_M,TK002P3-FJ01-W,Débardeur de sport Free Your Mind,NA,Navy,M,0,39,15,32
Top,Débardeur de sport Free Your Mind Navy - Size L,TK002P3-FJ01-W_NA_L,TK002P3-FJ01-W,Débardeur de sport Free Your Mind,NA,Navy,L,0,41,23,32
Top,Débardeur de sport Free Your Mind Black - Size XS,TK002P3-FJ01-W_BL_XS,TK002P3-FJ01-W,Débardeur de sport Free Your Mind,BL,Black,XS,0,16,8,32
Top,Débardeur de sport Free Your Mind Black - Size XL,TK002P3-FJ01-W_BL_XL,TK002P3-FJ01-W,Débardeur de sport Free Your Mind,BL,Black,XL,0,24,24,32
Top,Débardeur de sport Free Your Mind Black - Size S,TK002P3-FJ01-W_BL_S,TK002P3-FJ01-W,Débardeur de sport Free Your Mind,BL,Black,S,0,23,23,32
Top,Débardeur de sport Free Your Mind Black - Size M,TK002P3-FJ01-W_BL_M,TK002P3-FJ01-W,Débardeur de sport Free Your Mind,BL,Black,M,0,45,45,32
Top,Débardeur de sport Free Your Mind Black - Size L,TK002P3-FJ01-W_BL_L,TK002P3-FJ01-W,Débardeur de sport Free Your Mind,BL,Black,L,0,71,71,32
Crop-top,Crop-top sport Smooth Operator Moss - Size XS,TSC001P3-FJ01-W_MO_XS,TSC001P3-FJ01-W,Crop-top sport Smooth Operator,MO,Moss,XS,1,0,0,16
Crop-top,Crop-top sport Smooth Operator Moss - Size XL,TSC001P3-FJ01-W_MO_XL,TSC001P3-FJ01-W,Crop-top sport Smooth Operator,MO,Moss,XL,1,0,0,16
Crop-top,Crop-top sport Smooth Operator Moss - Size S,TSC001P3-FJ01-W_MO_S,TSC001P3-FJ01-W,Crop-top sport Smooth Operator,MO,Moss,S,1,0,0,16
Crop-top,Crop-top sport Smooth Operator Moss - Size M,TSC001P3-FJ01-W_MO_M,TSC001P3-FJ01-W,Crop-top sport Smooth Operator,MO,Moss,M,1,12,12,16
Crop-top,Crop-top sport Smooth Operator Moss - Size L,TSC001P3-FJ01-W_MO_L,TSC001P3-FJ01-W,Crop-top sport Smooth Operator,MO,Moss,L,1,20,20,16
Crop-top,Crop-top sport Smooth Operator Sand - Size XS,TSC001P3-FJ01-W_SA_XS,TSC001P3-FJ01-W,Crop-top sport Smooth Operator,SA,Sand,XS,1,0,0,16
Crop-top,Crop-top sport Smooth Operator Sand - Size XL,TSC001P3-FJ01-W_SA_XL,TSC001P3-FJ01-W,Crop-top sport Smooth Operator,SA,Sand,XL,1,0,0,16
Crop-top,Crop-top sport Smooth Operator Sand - Size S,TSC001P3-FJ01-W_SA_S,TSC001P3-FJ01-W,Crop-top sport Smooth Operator,SA,Sand,S,1,0,0,16
Crop-top,Crop-top sport Smooth Operator Sand - Size M,TSC001P3-FJ01-W_SA_M,TSC001P3-FJ01-W,Crop-top sport Smooth Operator,SA,Sand,M,1,36,0,16
Crop-top,Crop-top sport Smooth Operator Sand - Size L,TSC001P3-FJ01-W_SA_L,TSC001P3-FJ01-W,Crop-top sport Smooth Operator,SA,Sand,L,1,30,30,16
Crop-top,Crop-top sport Smooth Operator Black - Size XS,TSC001P3-FJ01-W_BL_XS,TSC001P3-FJ01-W,Crop-top sport Smooth Operator,BL,Black,XS,1,5,5,16
Crop-top,Crop-top sport Smooth Operator Black - Size XL,TSC001P3-FJ01-W_BL_XL,TSC001P3-FJ01-W,Crop-top sport Smooth Operator,BL,Black,XL,1,20,20,16
Crop-top,Crop-top sport Smooth Operator Black - Size S,TSC001P3-FJ01-W_BL_S,TSC001P3-FJ01-W,Crop-top sport Smooth Operator,BL,Black,S,1,28,28,16
Crop-top,Crop-top sport Smooth Operator Black - Size M,TSC001P3-FJ01-W_BL_M,TSC001P3-FJ01-W,Crop-top sport Smooth Operator,BL,Black,M,1,31,31,16
Crop-top,Crop-top sport Smooth Operator Black - Size L,TSC001P3-FJ01-W_BL_L,TSC001P3-FJ01-W,Crop-top sport Smooth Operator,BL,Black,L,1,30,30,16
Crop-top,Crop-top sport Smooth Operator Lilac - Size XS,TSC001P3-FJ01-W_LI_XS,TSC001P3-FJ01-W,Crop-top sport Smooth Operator,LI,Lilac,XS,1,0,0,16
Crop-top,Crop-top sport Smooth Operator Lilac - Size XL,TSC001P3-FJ01-W_LI_XL,TSC001P3-FJ01-W,Crop-top sport Smooth Operator,LI,Lilac,XL,1,0,0,16
Crop-top,Crop-top sport Smooth Operator Lilac - Size S,TSC001P3-FJ01-W_LI_S,TSC001P3-FJ01-W,Crop-top sport Smooth Operator,LI,Lilac,S,1,40,40,16
Crop-top,Crop-top sport Smooth Operator Lilac - Size M,TSC001P3-FJ01-W_LI_M,TSC001P3-FJ01-W,Crop-top sport Smooth Operator,LI,Lilac,M,1,48,0,16
Crop-top,Crop-top sport Smooth Operator Lilac - Size L,TSC001P3-FJ01-W_LI_L,TSC001P3-FJ01-W,Crop-top sport Smooth Operator,LI,Lilac,L,1,30,30,16
Crop-top,Crop-top sport Smooth Operator Burgundy Red - Size XS,TSC001P3-FJ01-W_BU_XS,TSC001P3-FJ01-W,Crop-top sport Smooth Operator,BU,Burgundy Red,XS,1,5,5,16
Crop-top,Crop-top sport Smooth Operator Burgundy Red - Size XL,TSC001P3-FJ01-W_BU_XL,TSC001P3-FJ01-W,Crop-top sport Smooth Operator,BU,Burgundy Red,XL,1,10,10,16
Crop-top,Crop-top sport Smooth Operator Burgundy Red - Size S,TSC001P3-FJ01-W_BU_S,TSC001P3-FJ01-W,Crop-top sport Smooth Operator,BU,Burgundy Red,S,1,15,15,16
Crop-top,Crop-top sport Smooth Operator Burgundy Red - Size M,TSC001P3-FJ01-W_BU_M,TSC001P3-FJ01-W,Crop-top sport Smooth Operator,BU,Burgundy Red,M,1,30,30,16
Crop-top,Crop-top sport Smooth Operator Burgundy Red - Size L,TSC001P3-FJ01-W_BU_L,TSC001P3-FJ01-W,Crop-top sport Smooth Operator,BU,Burgundy Red,L,1,40,40,16
Short,Short de sport femme Back On Track Navy - Size XXL,SH002P3-JL02-W_NA_XXL,SH002P3-JL02-W,Short de sport femme Back On Track,NA,Navy,XXL,1,10,10,20
Short,Short de sport femme Back On Track Navy - Size XS,SH002P3-JL02-W_NA_XS,SH002P3-JL02-W,Short de sport femme Back On Track,NA,Navy,XS,1,20,20,20
Short,Short de sport femme Back On Track Navy - Size XL,SH002P3-JL02-W_NA_XL,SH002P3-JL02-W,Short de sport femme Back On Track,NA,Navy,XL,1,30,30,20
Short,Short de sport femme Back On Track Navy - Size S,SH002P3-JL02-W_NA_S,SH002P3-JL02-W,Short de sport femme Back On Track,NA,Navy,S,1,40,40,20
Short,Short de sport femme Back On Track Navy - Size M,SH002P3-JL02-W_NA_M,SH002P3-JL02-W,Short de sport femme Back On Track,NA,Navy,M,1,95,5,20
Short,Short de sport femme Back On Track Navy - Size L,SH002P3-JL02-W_NA_L,SH002P3-JL02-W,Short de sport femme Back On Track,NA,Navy,L,1,50,50,20
Legging,Legging Get in Shape - The 53 Moss - Size XXL,LG53001P3-JL02-W_MO_XXL,LG53001P3-JL02-W,Legging Get in Shape - The 53,MO,Moss,XXL,1,10,10,21
Legging,Legging Get in Shape - The 53 Moss - Size XS,LG53001P3-JL02-W_MO_XS,LG53001P3-JL02-W,Legging Get in Shape - The 53,MO,Moss,XS,1,20,20,21
Legging,Legging Get in Shape - The 53 Moss - Size XL,LG53001P3-JL02-W_MO_XL,LG53001P3-JL02-W,Legging Get in Shape - The 53,MO,Moss,XL,1,30,30,21
Legging,Legging Get in Shape - The 53 Moss - Size S,LG53001P3-JL02-W_MO_S,LG53001P3-JL02-W,Legging Get in Shape - The 53,MO,Moss,S,1,40,40,21
Legging,Legging Get in Shape - The 53 Moss - Size M,LG53001P3-JL02-W_MO_M,LG53001P3-JL02-W,Legging Get in Shape - The 53,MO,Moss,M,1,100,100,21
Legging,Legging Get in Shape - The 53 Moss - Size L,LG53001P3-JL02-W_MO_L,LG53001P3-JL02-W,Legging Get in Shape - The 53,MO,Moss,L,1,50,50,21
Legging,Legging Get in Shape - The 53 Navy - Size XXL,LG53001P3-JL02-W_NA_XXL,LG53001P3-JL02-W,Legging Get in Shape - The 53,NA,Navy,XXL,1,10,10,21
Legging,Legging Get in Shape - The 53 Navy - Size XS,LG53001P3-JL02-W_NA_XS,LG53001P3-JL02-W,Legging Get in Shape - The 53,NA,Navy,XS,1,20,20,21
Legging,Legging Get in Shape - The 53 Navy - Size XL,LG53001P3-JL02-W_NA_XL,LG53001P3-JL02-W,Legging Get in Shape - The 53,NA,Navy,XL,1,30,30,21
Legging,Legging Get in Shape - The 53 Navy - Size S,LG53001P3-JL02-W_NA_S,LG53001P3-JL02-W,Legging Get in Shape - The 53,NA,Navy,S,1,40,40,21
Legging,Legging Get in Shape - The 53 Navy - Size M,LG53001P3-JL02-W_NA_M,LG53001P3-JL02-W,Legging Get in Shape - The 53,NA,Navy,M,1,100,100,21
Legging,Legging Get in Shape - The 53 Navy - Size L,LG53001P3-JL02-W_NA_L,LG53001P3-JL02-W,Legging Get in Shape - The 53,NA,Navy,L,1,50,50,21
Legging,Legging Get in Shape - The 53 Black - Size XXL,LG53001P3-JL02-W_BL_XXL,LG53001P3-JL02-W,Legging Get in Shape - The 53,BL,Black,XXL,1,10,10,21
Legging,Legging Get in Shape - The 53 Black - Size XS,LG53001P3-JL02-W_BL_XS,LG53001P3-JL02-W,Legging Get in Shape - The 53,BL,Black,XS,1,20,20,21
Legging,Legging Get in Shape - The 53 Black - Size XL,LG53001P3-JL02-W_BL_XL,LG53001P3-JL02-W,Legging Get in Shape - The 53,BL,Black,XL,1,30,30,21
Legging,Legging Get in Shape - The 53 Black - Size S,LG53001P3-JL02-W_BL_S,LG53001P3-JL02-W,Legging Get in Shape - The 53,BL,Black,S,1,40,40,21
Legging,Legging Get in Shape - The 53 Black - Size M,LG53001P3-JL02-W_BL_M,LG53001P3-JL02-W,Legging Get in Shape - The 53,BL,Black,M,1,258,30,21
Legging,Legging Get in Shape - The 53 Black - Size L,LG53001P3-JL02-W_BL_L,LG53001P3-JL02-W,Legging Get in Shape - The 53,BL,Black,L,1,50,50,21
T-shirt,T-shirt sport - Original 2 NO PRINT Moss - Size XS,TS001-FJ01-U_MO_XS,TS001-FJ01-U,T-shirt sport - Original 2 NO PRINT,MO,Moss,XS,1,20,20,21
T-shirt,T-shirt sport - Original 2 NO PRINT Moss - Size XL,TS001-FJ01-U_MO_XL,TS001-FJ01-U,T-shirt sport - Original 2 NO PRINT,MO,Moss,XL,1,30,30,21
T-shirt,T-shirt sport - Original 2 NO PRINT Moss - Size S,TS001-FJ01-U_MO_S,TS001-FJ01-U,T-shirt sport - Original 2 NO PRINT,MO,Moss,S,1,40,40,21
T-shirt,T-shirt sport - Original 2 NO PRINT Moss - Size M,TS001-FJ01-U_MO_M,TS001-FJ01-U,T-shirt sport - Original 2 NO PRINT,MO,Moss,M,1,100,100,21
T-shirt,T-shirt sport - Original 2 NO PRINT Moss - Size L,TS001-FJ01-U_MO_L,TS001-FJ01-U,T-shirt sport - Original 2 NO PRINT,MO,Moss,L,1,50,50,21
T-shirt,T-shirt sport - Original 2 NO PRINT Black - Size XS,TS001-FJ01-U_BL_XS,TS001-FJ01-U,T-shirt sport - Original 2 NO PRINT,BL,Black,XS,1,20,20,21
T-shirt,T-shirt sport - Original 2 NO PRINT Black - Size XL,TS001-FJ01-U_BL_XL,TS001-FJ01-U,T-shirt sport - Original 2 NO PRINT,BL,Black,XL,1,30,30,21
T-shirt,T-shirt sport - Original 2 NO PRINT Black - Size S,TS001-FJ01-U_BL_S,TS001-FJ01-U,T-shirt sport - Original 2 NO PRINT,BL,Black,S,1,40,40,21
T-shirt,T-shirt sport - Original 2 NO PRINT Black - Size M,TS001-FJ01-U_BL_M,TS001-FJ01-U,T-shirt sport - Original 2 NO PRINT,BL,Black,M,1,100,100,21
T-shirt,T-shirt sport - Original 2 NO PRINT Black - Size L,TS001-FJ01-U_BL_L,TS001-FJ01-U,T-shirt sport - Original 2 NO PRINT,BL,Black,L,1,50,50,21
T-shirt,T-shirt sport - Original 2 NO PRINT White - Size XS,TS001-FJ01-U_WH_XS,TS001-FJ01-U,T-shirt sport - Original 2 NO PRINT,WH,White,XS,1,20,20,21
T-shirt,T-shirt sport - Original 2 NO PRINT White - Size XL,TS001-FJ01-U_WH_XL,TS001-FJ01-U,T-shirt sport - Original 2 NO PRINT,WH,White,XL,1,30,30,21
T-shirt,T-shirt sport - Original 2 NO PRINT White - Size S,TS001-FJ01-U_WH_S,TS001-FJ01-U,T-shirt sport - Original 2 NO PRINT,WH,White,S,1,40,40,21
T-shirt,T-shirt sport - Original 2 NO PRINT White - Size M,TS001-FJ01-U_WH_M,TS001-FJ01-U,T-shirt sport - Original 2 NO PRINT,WH,White,M,1,100,100,21
T-shirt,T-shirt sport - Original 2 NO PRINT White - Size L,TS001-FJ01-U_WH_L,TS001-FJ01-U,T-shirt sport - Original 2 NO PRINT,WH,White,L,1,50,50,21
Short,Short sans filet  - Episod Black - Size XXL,SHSF-EP_BL_XXL,SHSF-EP,Short sans filet  - Episod,BL,Black,XXL,1,10,10,23
Short,Short sans filet  - Episod Black - Size XS,SHSF-EP_BL_XS,SHSF-EP,Short sans filet  - Episod,BL,Black,XS,1,20,20,23
Short,Short sans filet  - Episod Black - Size XL,SHSF-EP_BL_XL,SHSF-EP,Short sans filet  - Episod,BL,Black,XL,1,30,30,23
Short,Short sans filet  - Episod Black - Size S,SHSF-EP_BL_S,SHSF-EP,Short sans filet  - Episod,BL,Black,S,1,40,40,23
Short,Short sans filet  - Episod Black - Size M,SHSF-EP_BL_M,SHSF-EP,Short sans filet  - Episod,BL,Black,M,1,100,100,23
Short,Short sans filet  - Episod Black - Size L,SHSF-EP_BL_L,SHSF-EP,Short sans filet  - Episod,BL,Black,L,1,50,50,23
Crop-top,BRASSIERE YVETTE Black - Size XXL,BR001AR01-JL02-W_BL_XXL,BR001AR01-JL02-W,BRASSIERE YVETTE,BL,Black,XXL,1,10,10,24
Crop-top,BRASSIERE YVETTE Black - Size XS,BR001AR01-JL02-W_BL_XS,BR001AR01-JL02-W,BRASSIERE YVETTE,BL,Black,XS,1,20,20,24
Crop-top,BRASSIERE YVETTE Black - Size XL,BR001AR01-JL02-W_BL_XL,BR001AR01-JL02-W,BRASSIERE YVETTE,BL,Black,XL,1,30,30,24
Crop-top,BRASSIERE YVETTE Black - Size S,BR001AR01-JL02-W_BL_S,BR001AR01-JL02-W,BRASSIERE YVETTE,BL,Black,S,1,40,40,24
Crop-top,BRASSIERE YVETTE Black - Size M,BR001AR01-JL02-W_BL_M,BR001AR01-JL02-W,BRASSIERE YVETTE,BL,Black,M,1,100,100,24
Crop-top,BRASSIERE YVETTE Black - Size L,BR001AR01-JL02-W_BL_L,BR001AR01-JL02-W,BRASSIERE YVETTE,BL,Black,L,1,50,50,24
T-shirt,T-shirt de Sport Iconic Moss - Size XXL,TS001P3-FJ01_U_MO_XXL,TS001P3-FJ01_U,T-shirt de Sport Iconic,MO,Moss,XXL,1,10,10,28
T-shirt,T-shirt de Sport Iconic Moss - Size XS,TS001P3-FJ01_U_MO_XS,TS001P3-FJ01_U,T-shirt de Sport Iconic,MO,Moss,XS,1,20,20,28
T-shirt,T-shirt de Sport Iconic Moss - Size XL,TS001P3-FJ01_U_MO_XL,TS001P3-FJ01_U,T-shirt de Sport Iconic,MO,Moss,XL,1,30,30,28
T-shirt,T-shirt de Sport Iconic Moss - Size S,TS001P3-FJ01_U_MO_S,TS001P3-FJ01_U,T-shirt de Sport Iconic,MO,Moss,S,1,40,40,28
T-shirt,T-shirt de Sport Iconic Moss - Size M,TS001P3-FJ01_U_MO_M,TS001P3-FJ01_U,T-shirt de Sport Iconic,MO,Moss,M,1,100,100,28
T-shirt,T-shirt de Sport Iconic Moss - Size L,TS001P3-FJ01_U_MO_L,TS001P3-FJ01_U,T-shirt de Sport Iconic,MO,Moss,L,1,50,50,28
T-shirt,T-shirt de Sport Iconic Sand - Size XXL,TS001P3-FJ01_U_SA_XXL,TS001P3-FJ01_U,T-shirt de Sport Iconic,SA,Sand,XXL,1,10,10,28
T-shirt,T-shirt de Sport Iconic Sand - Size XS,TS001P3-FJ01_U_SA_XS,TS001P3-FJ01_U,T-shirt de Sport Iconic,SA,Sand,XS,1,20,20,28
T-shirt,T-shirt de Sport Iconic Sand - Size XL,TS001P3-FJ01_U_SA_XL,TS001P3-FJ01_U,T-shirt de Sport Iconic,SA,Sand,XL,1,30,30,28
T-shirt,T-shirt de Sport Iconic Sand - Size S,TS001P3-FJ01_U_SA_S,TS001P3-FJ01_U,T-shirt de Sport Iconic,SA,Sand,S,1,40,40,28
T-shirt,T-shirt de Sport Iconic Sand - Size M,TS001P3-FJ01_U_SA_M,TS001P3-FJ01_U,T-shirt de Sport Iconic,SA,Sand,M,1,100,100,28
T-shirt,T-shirt de Sport Iconic Sand - Size L,TS001P3-FJ01_U_SA_L,TS001P3-FJ01_U,T-shirt de Sport Iconic,SA,Sand,L,1,50,50,28
T-shirt,T-shirt de Sport Iconic Black - Size XXL,TS001P3-FJ01_U_BL_XXL,TS001P3-FJ01_U,T-shirt de Sport Iconic,BL,Black,XXL,1,10,10,28
T-shirt,T-shirt de Sport Iconic Black - Size XS,TS001P3-FJ01_U_BL_XS,TS001P3-FJ01_U,T-shirt de Sport Iconic,BL,Black,XS,1,20,20,28
T-shirt,T-shirt de Sport Iconic Black - Size XL,TS001P3-FJ01_U_BL_XL,TS001P3-FJ01_U,T-shirt de Sport Iconic,BL,Black,XL,1,30,30,28
T-shirt,T-shirt de Sport Iconic Black - Size S,TS001P3-FJ01_U_BL_S,TS001P3-FJ01_U,T-shirt de Sport Iconic,BL,Black,S,1,40,40,28
T-shirt,T-shirt de Sport Iconic Black - Size M,TS001P3-FJ01_U_BL_M,TS001P3-FJ01_U,T-shirt de Sport Iconic,BL,Black,M,1,100,100,28
T-shirt,T-shirt de Sport Iconic Black - Size L,TS001P3-FJ01_U_BL_L,TS001P3-FJ01_U,T-shirt de Sport Iconic,BL,Black,L,1,50,50,28
T-shirt,T-shirt de Sport Iconic White - Size XS,TS001P3-FJ01_U_WH_XS,TS001P3-FJ01_U,T-shirt de Sport Iconic,WH,White,XS,1,20,20,28
T-shirt,T-shirt de Sport Iconic White - Size XL,TS001P3-FJ01_U_WH_XL,TS001P3-FJ01_U,T-shirt de Sport Iconic,WH,White,XL,1,30,30,28
T-shirt,T-shirt de Sport Iconic White - Size S,TS001P3-FJ01_U_WH_S,TS001P3-FJ01_U,T-shirt de Sport Iconic,WH,White,S,1,40,40,28
T-shirt,T-shirt de Sport Iconic White - Size M,TS001P3-FJ01_U_WH_M,TS001P3-FJ01_U,T-shirt de Sport Iconic,WH,White,M,1,100,100,28
T-shirt,T-shirt de Sport Iconic White - Size L,TS001P3-FJ01_U_WH_L,TS001P3-FJ01_U,T-shirt de Sport Iconic,WH,White,L,1,50,50,28
Short,Short de Sport One For All (No Net) Moss - Size XXL,SHNB003P02-SL01_MO_XXL,SHNB003P02-SL01,Short de Sport One For All (No Net),MO,Moss,XXL,1,10,10,32
Short,Short de Sport One For All (No Net) Moss - Size XS,SHNB003P02-SL01_MO_XS,SHNB003P02-SL01,Short de Sport One For All (No Net),MO,Moss,XS,1,30,30,32
Short,Short de Sport One For All (No Net) Moss - Size XL,SHNB003P02-SL01_MO_XL,SHNB003P02-SL01,Short de Sport One For All (No Net),MO,Moss,XL,1,50,50,32
Short,Short de Sport One For All (No Net) Moss - Size S,SHNB003P02-SL01_MO_S,SHNB003P02-SL01,Short de Sport One For All (No Net),MO,Moss,S,1,100,100,32
Short,Short de Sport One For All (No Net) Moss - Size M,SHNB003P02-SL01_MO_M,SHNB003P02-SL01,Short de Sport One For All (No Net),MO,Moss,M,1,40,40,32
Short,Short de Sport One For All (No Net) Moss - Size L,SHNB003P02-SL01_MO_L,SHNB003P02-SL01,Short de Sport One For All (No Net),MO,Moss,L,1,20,20,32
Short,Short Sport One For All Navy - Size XS,SH001P1-SL01-M_NA_XS,SH001P1-SL01-M,Short Sport One For All,NA,Navy,XS,1,20,20,32
Short,Short Sport One For All Navy - Size XL,SH001P1-SL01-M_NA_XL,SH001P1-SL01-M,Short Sport One For All,NA,Navy,XL,1,30,30,32
Short,Short Sport One For All Navy - Size S,SH001P1-SL01-M_NA_S,SH001P1-SL01-M,Short Sport One For All,NA,Navy,S,1,40,40,32
Short,Short Sport One For All Navy - Size M,SH001P1-SL01-M_NA_M,SH001P1-SL01-M,Short Sport One For All,NA,Navy,M,1,100,100,32
Short,Short Sport One For All Navy - Size L,SH001P1-SL01-M_NA_L,SH001P1-SL01-M,Short Sport One For All,NA,Navy,L,1,50,50,32
Short,Short de Sport One For All (No Net) Navy - Size XXL,SHNB003P02-SL01_NA_XXL,SHNB003P02-SL01,Short de Sport One For All (No Net),NA,Navy,XXL,1,10,10,32
Short,Short de Sport One For All (No Net) Navy - Size XS,SHNB003P02-SL01_NA_XS,SHNB003P02-SL01,Short de Sport One For All (No Net),NA,Navy,XS,1,20,20,32
Short,Short de Sport One For All (No Net) Navy - Size XL,SHNB003P02-SL01_NA_XL,SHNB003P02-SL01,Short de Sport One For All (No Net),NA,Navy,XL,1,30,30,32
Short,Short de Sport One For All (No Net) Navy - Size S,SHNB003P02-SL01_NA_S,SHNB003P02-SL01,Short de Sport One For All (No Net),NA,Navy,S,1,40,40,32
Short,Short de Sport One For All (No Net) Navy - Size M,SHNB003P02-SL01_NA_M,SHNB003P02-SL01,Short de Sport One For All (No Net),NA,Navy,M,1,100,100,32
Short,Short de Sport One For All (No Net) Navy - Size L,SHNB003P02-SL01_NA_L,SHNB003P02-SL01,Short de Sport One For All (No Net),NA,Navy,L,1,50,50,32
Short,Short de Sport One For All (No Net) Black - Size XXL,SHNB003P02-SL01_BL_XXL,SHNB003P02-SL01,Short de Sport One For All (No Net),BL,Black,XXL,1,10,10,32
Short,Short de Sport One For All (No Net) Black - Size XS,SHNB003P02-SL01_BL_XS,SHNB003P02-SL01,Short de Sport One For All (No Net),BL,Black,XS,1,20,20,32
Short,Short de Sport One For All (No Net) Black - Size XL,SHNB003P02-SL01_BL_XL,SHNB003P02-SL01,Short de Sport One For All (No Net),BL,Black,XL,1,30,30,32
Short,Short de Sport One For All (No Net) Black - Size S,SHNB003P02-SL01_BL_S,SHNB003P02-SL01,Short de Sport One For All (No Net),BL,Black,S,1,40,40,32
Short,Short de Sport One For All (No Net) Black - Size M,SHNB003P02-SL01_BL_M,SHNB003P02-SL01,Short de Sport One For All (No Net),BL,Black,M,1,100,100,32
Short,Short de Sport One For All (No Net) Black - Size L,SHNB003P02-SL01_BL_L,SHNB003P02-SL01,Short de Sport One For All (No Net),BL,Black,L,1,50,50,32
Short,Short Sport One For All Lilac - Size XS,SH003P02-SL01-M_LI_XS,SH003P02-SL01-M,Short Sport One For All,LI,Lilac,XS,1,10,10,32
Short,Short de Sport One For All (No Net) Lilac - Size XXL,SHNB003P02-SL01_LI_XXL,SHNB003P02-SL01,Short de Sport One For All (No Net),LI,Lilac,XXL,1,10,10,32
Short,Short de Sport One For All (No Net) Lilac - Size XS,SHNB003P02-SL01_LI_XS,SHNB003P02-SL01,Short de Sport One For All (No Net),LI,Lilac,XS,1,20,20,32
Short,Short de Sport One For All (No Net) Lilac - Size XL,SHNB003P02-SL01_LI_XL,SHNB003P02-SL01,Short de Sport One For All (No Net),LI,Lilac,XL,1,30,30,32
Short,Short de Sport One For All (No Net) Lilac - Size S,SHNB003P02-SL01_LI_S,SHNB003P02-SL01,Short de Sport One For All (No Net),LI,Lilac,S,1,40,40,32
Short,Short de Sport One For All (No Net) Lilac - Size M,SHNB003P02-SL01_LI_M,SHNB003P02-SL01,Short de Sport One For All (No Net),LI,Lilac,M,1,100,100,32
Short,Short de Sport One For All (No Net) Lilac - Size L,SHNB003P02-SL01_LI_L,SHNB003P02-SL01,Short de Sport One For All (No Net),LI,Lilac,L,1,50,50,32